Q2JV-4QEU-G7X6_2022-10-27T09:02:22Z.jpg;3
Q2JV-4QEU-G7X6_2022-10-27T09:12:22Z.jpg;3
Q2JV-4QEU-G7X6_2022-10-27T07:17:22Z.jpg;1
Q2JV-4QEU-G7X6_2022-10-26T14:37:22Z.jpg;0
Q2JV-4QEU-G7X6_2022-10-26T14:27:22Z.jpg;2
Q2JV-4QEU-G7X6_2022-10-26T13:57:22Z.jpg;0
Q2JV-4QEU-G7X6_2022-10-27T08:22:22Z.jpg;0
Q2JV-4QEU-G7X6_2022-10-27T08:32:22Z.jpg;1
Q2JV-4QEU-G7X6_2022-10-27T10:57:22Z.jpg;0
Q2JV-4QEU-G7X6_2022-10-27T10:47:22Z.jpg;0
Q2JV-4QEU-G7X6_2022-10-27T07:42:22Z.jpg;1
Q2JV-4QEU-G7X6_2022-10-27T13:17:22Z.jpg;0
Q2JV-4QEU-G7X6_2022-10-27T07:52:22Z.jpg;1
Q2JV-4QEU-G7X6_2022-10-27T13:07:22Z.jpg;0
Q2JV-4QEU-G7X6_2022-10-27T11:22:22Z.jpg;0
Q2JV-4QEU-G7X6_2022-10-27T11:32:22Z.jpg;0
Q2JV-4QEU-G7X6_2022-10-27T09:57:22Z.jpg;0
Q2JV-4QEU-G7X6_2022-10-27T09:47:22Z.jpg;1
Q2JV-4QEU-G7X6_2022-10-27T12:37:22Z.jpg;1
Q2JV-4QEU-G7X6_2022-10-27T12:27:22Z.jpg;1
Q2JV-4QEU-G7X6_2022-10-27T10:02:22Z.jpg;0
Q2JV-4QEU-G7X6_2022-10-27T10:12:22Z.jpg;0
Q2JV-4QEU-G7X6_2022-10-26T13:02:22Z.jpg;0
Q2JV-4QEU-G7X6_2022-10-26T13:12:22Z.jpg;1
Q2JV-4QEU-G7X6_2022-10-26T14:12:22Z.jpg;2
Q2JV-4QEU-G7X6_2022-10-26T14:02:22Z.jpg;0
Q2JV-4QEU-G7X6_2022-10-27T09:27:22Z.jpg;1
Q2JV-4QEU-G7X6_2022-10-27T09:37:22Z.jpg;1
Q2JV-4QEU-G7X6_2022-10-27T07:32:22Z.jpg;3
Q2JV-4QEU-G7X6_2022-10-27T07:22:22Z.jpg;1
Q2JV-4QEU-G7X6_2022-10-27T11:52:22Z.jpg;0
Q2JV-4QEU-G7X6_2022-10-27T11:42:22Z.jpg;0
Q2JV-4QEU-G7X6_2022-10-27T08:07:22Z.jpg;0
Q2JV-4QEU-G7X6_2022-10-27T08:17:22Z.jpg;3
Q2JV-4QEU-G7X6_2022-10-27T12:47:22Z.jpg;0
Q2JV-4QEU-G7X6_2022-10-27T12:57:22Z.jpg;2
Q2JV-4QEU-G7X6_2022-10-27T13:22:22Z.jpg;1
Q2JV-4QEU-G7X6_2022-10-27T11:07:22Z.jpg;1
Q2JV-4QEU-G7X6_2022-10-27T11:17:22Z.jpg;0
Q2JV-4QEU-G7X6_2022-10-26T14:47:22Z.jpg;0
Q2JV-4QEU-G7X6_2022-10-27T12:12:22Z.jpg;1
Q2JV-4QEU-G7X6_2022-10-27T12:02:22Z.jpg;0
Q2JV-4QEU-G7X6_2022-10-27T10:27:22Z.jpg;1
Q2JV-4QEU-G7X6_2022-10-27T10:37:22Z.jpg;0
Q2JV-4QEU-G7X6_2022-10-27T08:52:22Z.jpg;2
Q2JV-4QEU-G7X6_2022-10-27T08:42:22Z.jpg;1
Q2JV-4QEU-G7X6_2022-10-27T12:07:22Z.jpg;0
Q2JV-4QEU-G7X6_2022-10-27T12:17:22Z.jpg;0
Q2JV-4QEU-G7X6_2022-10-27T10:32:22Z.jpg;2
Q2JV-4QEU-G7X6_2022-10-27T10:22:22Z.jpg;0
Q2JV-4QEU-G7X6_2022-10-27T08:47:22Z.jpg;1
Q2JV-4QEU-G7X6_2022-10-27T08:57:22Z.jpg;1
Q2JV-4QEU-G7X6_2022-10-26T14:52:22Z.jpg;0
Q2JV-4QEU-G7X6_2022-10-26T14:42:22Z.jpg;0
Q2JV-4QEU-G7X6_2022-10-27T13:27:22Z.jpg;0
Q2JV-4QEU-G7X6_2022-10-27T11:12:22Z.jpg;0
Q2JV-4QEU-G7X6_2022-10-27T11:02:22Z.jpg;0
Q2JV-4QEU-G7X6_2022-10-27T08:12:22Z.jpg;0
Q2JV-4QEU-G7X6_2022-10-27T08:02:22Z.jpg;0
Q2JV-4QEU-G7X6_2022-10-27T12:52:22Z.jpg;2
Q2JV-4QEU-G7X6_2022-10-27T12:42:22Z.jpg;1
Q2JV-4QEU-G7X6_2022-10-26T12:57:22Z.jpg;0
Q2JV-4QEU-G7X6_2022-10-27T09:32:22Z.jpg;0
Q2JV-4QEU-G7X6_2022-10-27T09:22:22Z.jpg;0
Q2JV-4QEU-G7X6_2022-10-27T07:27:22Z.jpg;0
Q2JV-4QEU-G7X6_2022-10-27T07:37:22Z.jpg;0
Q2JV-4QEU-G7X6_2022-10-27T11:47:22Z.jpg;0
Q2JV-4QEU-G7X6_2022-10-27T11:57:22Z.jpg;0
Q2JV-4QEU-G7X6_2022-10-26T14:07:22Z.jpg;0
Q2JV-4QEU-G7X6_2022-10-26T14:17:22Z.jpg;0
Q2JV-4QEU-G7X6_2022-10-27T12:22:22Z.jpg;0
Q2JV-4QEU-G7X6_2022-10-27T12:32:22Z.jpg;1
Q2JV-4QEU-G7X6_2022-10-27T10:17:22Z.jpg;0
Q2JV-4QEU-G7X6_2022-10-27T10:07:22Z.jpg;0
Q2JV-4QEU-G7X6_2022-10-26T13:17:22Z.jpg;0
Q2JV-4QEU-G7X6_2022-10-26T13:07:22Z.jpg;0
Q2JV-4QEU-G7X6_2022-10-27T07:57:22Z.jpg;0
Q2JV-4QEU-G7X6_2022-10-27T13:02:22Z.jpg;0
Q2JV-4QEU-G7X6_2022-10-27T07:47:22Z.jpg;0
Q2JV-4QEU-G7X6_2022-10-27T13:12:22Z.jpg;0
Q2JV-4QEU-G7X6_2022-10-27T11:37:22Z.jpg;2
Q2JV-4QEU-G7X6_2022-10-27T11:27:22Z.jpg;1
Q2JV-4QEU-G7X6_2022-10-27T09:42:22Z.jpg;0
Q2JV-4QEU-G7X6_2022-10-27T09:52:22Z.jpg;1
Q2JV-4QEU-G7X6_2022-10-27T08:37:22Z.jpg;0
Q2JV-4QEU-G7X6_2022-10-27T08:27:22Z.jpg;0
Q2JV-4QEU-G7X6_2022-10-26T13:52:22Z.jpg;0
Q2JV-4QEU-G7X6_2022-10-27T10:42:22Z.jpg;1
Q2JV-4QEU-G7X6_2022-10-27T10:52:22Z.jpg;0
Q2JV-4QEU-G7X6_2022-10-26T14:22:22Z.jpg;1
Q2JV-4QEU-G7X6_2022-10-26T14:32:22Z.jpg;0
Q2JV-4QEU-G7X6_2022-10-27T09:17:22Z.jpg;2
Q2JV-4QEU-G7X6_2022-10-27T09:07:22Z.jpg;0
